"Star_idx"	"star_name"	"DISTANCE (LIGHTYEARS)"	"effective temperature"	"MASS"	"STAR RADIUS"	"Luminosity"	"STELLAR TYPE"
2455	"Symington"	152.749	4482	0.8	0.91	0.08	"K:3:V"
1912	"Nunivak"	373.058	2526	0.2	0.35	0.07	"M:8:V"
724	"Dneiper"	525.276	3665	0.4	0.26	0.07	"M:0:V"
669	"Dayr Khuna"	227.065	5290	1	1.07	1.01	"G:5:V"
3061	"Star Cluster 814"	1117.108	2592	0.1	0.07	0.02	"M:1:V"
37	"Afleir"	51.367	2406	0.1	0.61	0.04	"M:2:V"
2002	"Peabody"	331.443	3411	0.4	0.28	0.06	"M:1:V"
2248	"Saumur"	384.058	2455	0.3	0.21	NA	"M:5:V"
2519	"Tetschner"	307.793	2684	0.2	0.24	0.07	"M:7:V"
1918	"Oceana"	144.843	2607	0.4	0.43	0.06	"M:2:V"
3104	"Thasos"	970.102	2686	0.4	0.43	NA	"M:4:V"
2495	"Tatlawiksuk"	417.381	4668	0.7	0.8	0.17	"K:2:V"
1063	"Harvest"	380.381	4842	0.6	0.88	0.36	"K:2:V"
2229	"Santana"	326.08	3009	0.1	0.58	0.03	"M:1:V"
546	"Chita"	568.687	3969	0.5	0.75	0.22	"K:5:V"
2551	"Tintavel"	262.893	4935	0.7	NA	0.17	"K:1:V"
541	"Chimpaw"	160.932	4131	0.7	0.96	0.44	"K:4:V"
1365	"Kiruna"	430.026	4604	0.7	0.85	0.14	"K:2:V"
259	"Barlaston"	293.832	5070	0.5	0.91	0.11	"K:0:V"
2259	"Scheuerheck"	360.357	3549	0.4	0.34	0.02	"M:1:V"
2467	"Talcott"	235.078	4792	0.6	0.82	0.12	"K:2:V"
769	"Edasich"	154.458	2451	0.4	0.65	0.01	"M:3:V"
358	"Bogrib"	336.049	4698	0.5	0.9	0.14	"K:3:V"
2305	"Sherwood"	576.109	2555	0.3	0.29	0.06	"M:0:V"
726	"Dobson"	205.89	4198	0.5	0.94	0.41	"K:3:V"
428	"Cadiz"	192.656	2932	0.1	0.38	0.08	"M:5:V"
463	"Cap Rouge"	331.598	2600	0.2	0.66	0.07	"M:5:V"
2557	"Toffen"	225.613	3171	0.3	0.09	0.05	"M:1:V"
223	"Awano"	187.392	4611	0.7	NA	NA	"K:1:V"
3119	"Nebula D77"	1947.238	2464	0.4	0.22	0.06	"M:5:V"
3060	"St. Andreas"	687.948	2640	0.2	0.12	0.07	"M:5:V"
1085	"Heligoland"	168.671	2900	0.2	0.52	0.01	"M:3:V"
1605	"Marduk"	216.782	2493	0.3	0.13	0.01	"M:6:V"
1758	"Moriguchi"	466.533	5628	0.9	1.08	1.49	"G:4:V"
2586	"Tripoli"	206.455	2868	0.2	0.23	0.08	"M:4:V"
2074	"Promised Land"	312.796	2674	0.4	0.11	0.04	"M:2:V"
2366	"Snowdon"	587.903	2782	0.3	0.21	0.05	"M:4:V"
217	"Avawatz"	167.53	3846	0.8	0.75	0.47	"K:7:V"
2334	"Sigurd"	490.833	2652	0.3	0.25	0.04	"M:2:V"
1751	"Montsegur"	459.177	4492	0.8	0.93	0.39	"K:0:V"
1948	"Oriente"	224.762	4431	0.6	0.89	0.53	"K:3:V"
3070	"Mostaganem"	1001.515	5417	1	1.14	1.22	"G:4:V"
31	"Adherlwin"	439.696	4279	0.7	0.88	0.59	"K:5:V"
3012	"Helios"	552.129	4354	0.5	0.95	0.49	"K:0:V"
1782	"Myrvoll"	90.342	5025	0.8	0.72	0.32	"K:0:V"
1460	"Las Tunas"	743.898	5370	1	1.13	1.4	"G:2:V"
2039	"Pleione"	94.829	3465	0.4	0.28	0.08	"M:1:V"
2782	"Wynn's Roost"	667.613	2721	0.3	0.65	0.04	"M:3:V"
894	"Forkas"	264.966	5279	0.8	1.01	0.72	"G:5:V"
1051	"Hanseta"	454.858	2932	0.2	0.18	0.02	"M:3:V"
1062	"Hartshill"	520.448	2497	0.2	0.18	0.02	"M:4:V"
1774	"Muridox"	396.698	5467	1	1.1	1.14	"G:2:V"
2789	"Xinyang"	251.825	5575	1	1.06	1.38	"G:4:V"
1510	"Loikaw"	755.668	5370	1	1.05	0.62	"G:4:V"
1980	"Panzyr"	438.292	3027	0.1	0.09	0.05	"M:3:V"
2245	"Sartu"	453.73	2590	0.4	0.27	0.05	"M:5:V"
210	"Augusta"	299.14	2425	0.2	0.62	0.03	"M:1:V"
673	"Declan"	363.446	2902	NA	0.58	0.07	"M:3:V"
2425	"Styk"	106.211	4350	0.7	0.8	0.23	"K:2:V"
3152	"Bonavista"	447.234	3014	0.1	0.12	0.04	"M:1:V"
827	"Etiler"	427.385	3917	0.5	0.76	0.35	"K:3:V"
1757	"Morges"	316.541	4444	0.5	0.91	0.23	"K:4:V"
1347	"Kigamboni"	322.903	2817	0.3	0.46	0.08	"M:1:V"
645	"Dabih"	102.806	2934	0.3	0.42	0.03	"M:5:V"
2527	"Thazi"	796.344	5627	0.8	1.05	0.97	"G:3:V"
146	"Antares"	322.867	4461	0.5	0.86	0.17	"K:2:V"
2795	"Yardley"	267.86	4253	0.7	0.79	0.22	"K:3:V"
1502	"Loburg"	324.879	2526	0.3	0.29	0.06	"M:1:V"
199	"Athna"	355.298	2438	0.4	0.67	0.08	"M:3:V"
3080	"Mauna Loa"	1033.386	2976	0.2	0.33	0.02	"M:5:V"
2464	"Taga"	225.653	4138	0.6	0.76	0.14	"K:2:V"
2727	"Waunakee"	317.772	2401	0.1	0.42	0.08	"M:8:V"
1666	"Melilla"	572.121	2681	0.2	0.15	0.01	"M:5:V"
2608	"Twycross"	380.978	2599	0.4	0.15	0.02	"M:2:V"
735	"Dove"	181.695	3794	0.7	0.96	0.45	"K:5:V"
227	"Aylmer"	415.816	3817	NA	0.81	0.12	"K:3:V"
52	"Alarion"	348.457	5026	0.5	NA	0.4	"K:0:V"
1388	"Kola"	513.527	2659	0.4	0.62	0.01	"M:4:V"
298	"Belluevue"	79.895	2663	NA	0.08	0.03	"M:1:V"
2692	"Vintru"	197.41	4141	0.5	0.92	0.26	"K:6:V"
3006	"Thorn"	1021.786	2609	0.4	0.16	0.03	"M:6:V"
152	"Aomen"	323.666	3742	0.6	0.71	0.17	"K:7:V"
1861	"Newcastle"	276.04	5312	1	1.09	0.61	"G:5:V"
2825	"Zdice"	312.902	3768	0.7	0.77	0.29	"K:3:V"
2887	"Carthage"	505.07	2498	0.2	0.47	0.01	"M:1:V"
1250	"Jesup"	514.985	2515	NA	0.51	0.04	"M:2:V"
2484	"Tannil"	134.807	2968	0.4	0.28	0.02	"M:3:V"
1725	"Mitchella"	501.448	3702	0.8	0.85	0.09	"K:0:V"
1306	"Kaufermann"	418.118	2442	0.4	0.18	0.05	"M:8:V"
2387	"Spittal"	349.575	2590	0.1	0.54	0.08	"M:2:V"
2422	"Streator"	265.155	2964	0.4	0.24	0.02	"M:5:V"
117	"Amiga"	185.564	3239	0.4	0.5	0.07	"M:2:V"
2883	"Argos"	515.823	3096	0.2	0.32	0.03	"M:3:V"
1084	"Heliat"	501.374	3237	0.1	0.47	0.02	"M:1:V"
575	"Colfax"	238.058	5162	0.5	0.73	0.18	"K:0:V"
1109	"Highspire"	155.765	2537	0.3	0.66	0.05	"M:2:V"
161	"Aquavita"	302.529	2952	0.3	0.49	0.05	"M:1:V"
561	"Circinus"	394.259	3550	0.2	0.47	0.06	"M:1:V"
2760	"Windhoek"	563.6	3333	0.3	0.29	NA	"M:2:V"
88	"Alphard"	83.559	4120	0.8	0.75	0.44	"K:6:V"
1078	"Hegel"	271.031	5673	1	1.06	1.05	"G:2:V"
1461	"Last Chance"	503.18	2542	0.4	0.38	0.05	"M:3:V"
2637	"Urjala"	423.517	3889	0.7	0.92	0.31	"K:6:V"
316	"Bethel"	231.664	2526	0.3	0.39	0.02	"M:8:V"
1361	"Kirkcaldy"	159.557	4345	0.8	0.7	0.31	"K:5:V"
2841	"Zion"	84.669	2483	0.4	0.57	0.06	"M:0:V"
473	"Cardff"	377.921	4363	0.5	NA	0.15	"K:5:V"
935	"Gannett"	176.158	4327	0.5	0.89	NA	"K:5:V"
91	"Alrakis"	84.276	3917	NA	0.75	0.41	"K:5:V"
40	"Aggstein"	299.133	3837	0.6	0.87	0.47	"K:5:V"
856	"Fefferfer"	203.944	2513	0.4	0.24	0.08	"M:5:V"
1647	"Meacham"	189.544	3835	0.5	0.7	0.41	"K:7:V"
1660	"Meilen"	227.712	3890	0.8	NA	0.29	"K:2:V"
663	"Dar-es-Salaam"	195.326	2794	0.4	0.15	0.04	"M:5:V"
1238	"Jasmine"	204.513	2450	0.2	0.41	0.03	"M:6:V"
2379	"Sorunda"	139.055	4631	0.7	0.88	0.36	"K:2:V"
3108	"Death's Gaze Cluster"	1777.081	2524	0.3	0.51	0.04	"M:8:V"
1550	"Machapuchre"	528.899	3513	0.2	0.36	0.03	"M:1:V"
239	"Bainsville"	164.142	3344	0.3	0.49	0.07	"M:2:V"
2401	"Star's End"	440.098	3730	NA	0.95	0.44	"K:5:V"
1124	"Hollabrunn"	210.99	4383	0.8	0.8	0.49	"K:0:V"
1585	"Mandeville"	727.345	3998	0.7	0.93	0.39	"K:5:V"
1168	"Ichlangis"	413.894	4020	0.6	0.95	0.21	"K:5:V"
1721	"Misery"	287.124	2948	0.2	0.62	0.01	"M:4:V"
1608	"Marielund"	557.72	2414	0.1	0.29	0.02	"M:8:V"
454	"Camlann"	165.621	3804	0.8	0.84	0.11	"K:5:V"
43	"Aigle"	235.54	3950	0.6	0.71	0.2	"K:6:V"
1509	"Logres"	363.213	2533	0.4	0.22	0.02	"M:5:V"
1492	"Lindenmarle"	436.198	2627	0.3	0.2	0.08	"M:4:V"
1384	"Kockengen"	187.347	3053	0.3	0.39	0.07	"M:3:V"
1381	"Ko"	47.487	4355	0.5	0.8	0.33	"K:2:V"
2663	"Várri"	549.157	3116	0.3	0.28	0.05	"M:3:V"
433	"Cajamarca"	292.741	2547	0.4	0.3	0.04	"M:3:V"
1978	"Panjang"	348.831	2511	0.4	0.19	0.02	"M:3:V"
1143	"Hoyleton"	508.766	2588	0.3	0.21	0.06	"M:2:V"
2119	"Raphael"	318.112	2695	0.4	0.32	0.06	"M:3:V"
460	"Candiear"	466.233	2985	0.4	NA	NA	"M:0:V"
2483	"Tania Borealis"	118.974	3005	0.3	0.29	0.08	"M:0:V"
1319	"Keid"	10.59	4583	0.5	0.79	0.25	"K:3:V"
866	"Fianna"	142.939	2940	0.1	0.17	0.04	"M:3:V"
2675	"Vereeniging"	448.35	3094	0.2	0.64	0.03	"M:1:V"
1906	"Nuelson Minor"	386.094	3396	0.4	0.25	0.04	"M:2:V"
2227	"Sanilac"	158.705	2932	0.2	0.45	0.08	"M:5:V"
530	"Chengdu"	172.906	3818	0.7	NA	0.23	"K:5:V"
2899	"Erod's Escape"	696.99	5502	1	1.03	0.88	"G:2:V"
2239	"Sargasso"	344.965	3149	0.2	0.08	0.07	"M:3:V"
815	"Erdvynn"	454.059	2779	0.3	0.09	0.01	"M:5:V"
2221	"Salur"	211.291	2580	0.4	0.17	0.06	"M:7:V"
2350	"Skat"	97.092	2980	0.1	0.32	0.01	"M:2:V"
2482	"Tania Australis"	154.806	2503	0.3	NA	0.03	"M:0:V"
1027	"Hachiman"	295.082	2537	0.2	0.09	0.02	"M:5:V"
770	"Edirne"	546.306	3953	0.5	0.82	0.58	"K:4:V"
2777	"Wrentham"	367.535	4259	0.5	NA	0.35	"K:2:V"
2681	"Vibrunum"	531.858	2867	0.4	0.48	0.02	"M:5:V"
802	"Enchi"	411.702	2693	0.2	0.4	0.07	"M:2:V"
867	"Fieferana"	319.68	2731	0.2	0.5	0.04	"M:3:V"
1169	"Ichmandu"	531.714	3799	0.7	0.73	0.22	"K:3:V"
176	"Arlington"	234.954	5236	0.8	1.03	0.61	"G:5:V"
427	"Cadela"	578.645	4049	0.5	0.95	0.1	"K:6:V"
214	"Austerlitz"	530.094	2512	0.3	0.64	0.03	"M:2:V"
1920	"Odawara"	355.238	2676	0.4	0.36	0.07	"M:4:V"
159	"Apsalar"	575.065	5717	1	1.05	1.49	"G:2:V"
1612	"Maritgues"	233.909	2730	0.4	0.53	0.06	"M:3:V"
1677	"Menkent"	44.641	2862	0.2	NA	0.01	"M:1:V"
970	"Glitnir"	647.221	3071	0.1	0.2	0.04	"M:2:V"
351	"Boara"	573.029	2421	0.4	0.19	0.04	"M:6:V"
2913	"Micros"	564.446	5743	0.8	0.97	0.62	"G:2:V"
883	"Fletcher's Feast"	712.005	4205	0.6	NA	0.13	"K:5:V"
1824	"New Dallas"	60.599	2641	0.2	0.09	0.06	"M:6:V"
1095	"Herbania"	480.47	4069	0.6	0.93	0.55	"K:2:V"
1224	"Izmir"	433.703	3450	0.2	0.45	0.07	"M:0:V"
154	"Apinzel"	462.096	3871	0.8	0.81	0.59	"K:7:V"
2817	"Zaniah"	102.889	2620	0.2	NA	0.07	"M:4:V"
1402	"Kossandra's Memory"	528.467	4780	0.5	0.9	0.29	"K:2:V"
26	"Addicks"	71.442	4345	0.7	0.8	0.39	"K:3:V"
1681	"Mercedes"	408.409	5080	0.6	0.74	0.36	"K:0:V"
2071	"Prix"	330.533	5472	1	1.12	1.06	"G:2:V"
2550	"Tinaca"	282.675	2547	0.4	0.44	0.03	"M:3:V"
1066	"Hastur"	410.805	2652	0.2	0.56	0.04	"M:1:V"
738	"Dralkig"	528.922	2733	0.4	0.64	0.02	"M:1:V"
1025	"Gypsum"	282.695	2833	0.4	0.29	NA	"M:4:V"
1233	"Jansen's Hold"	420.649	2414	0.4	0.66	0.01	"M:8:V"
790	"Elissa"	484.659	2999	0.3	NA	0.06	"M:2:V"
1325	"Kendall"	421.178	2538	0.1	NA	0.08	"M:3:V"
2479	"Tangipahoa"	589.739	3044	0.4	0.51	0.06	"M:0:V"
2026	"Pietermaritzburg"	347.665	4462	0.6	0.82	0.58	"K:2:V"
2906	"Hope"	709.894	2588	0.4	0.55	0.01	"M:6:V"
1627	"Matsuida"	306.882	2811	0.3	0.27	0.04	"M:4:V"
2273	"Seiduts"	370.755	5445	0.9	0.98	0.83	"G:2:V"
2743	"Weldon"	439.52	3620	0.4	0.29	0.03	"M:0:V"
1197	"Ingersoll"	172.288	3325	NA	0.52	0.06	"M:2:V"
2764	"Wingzar"	483.736	2527	0.2	0.6	0.06	"M:6:V"
1926	"Ogilvie"	303.593	2881	0.3	0.11	0.07	"M:4:V"
215	"Australia"	419.99	3017	0.4	0.51	0.08	"M:2:V"
1646	"McRae"	559.604	3149	0.2	0.42	0.06	"M:3:V"
1138	"Hortense"	508.989	2812	0.4	0.09	NA	"M:5:V"
2855	"Fasa"	1632.008	5524	1	1.05	1.44	"G:5:V"
891	"Foochow"	131.957	3937	0.6	0.82	0.1	"K:3:V"
1140	"Housekarle"	278.876	4228	0.7	0.77	0.09	"K:3:V"
1186	"Imalda"	242.066	4037	0.7	0.86	0.55	"K:5:V"
2460	"Szepes"	240.706	2776	0.2	NA	0.03	"M:1:V"
2558	"Togura"	271.847	2614	0.3	0.32	0.01	"M:7:V"
1950	"Ormal"	425.509	3107	0.4	0.65	0.02	"M:4:V"
333	"Bithinia"	179.451	2883	0.1	0.55	0.08	"M:2:V"
1792	"Naka Pabni"	477.362	2840	0.2	0.31	0.06	"M:5:V"
879	"Flatspin"	465.383	4109	NA	0.86	0.16	"K:0:V"
1214	"Isfahan"	488.312	2449	0.2	0.56	0.04	"M:7:V"
355	"Boeotia"	210.767	3902	0.7	0.81	0.19	"K:5:V"
999	"Great Gorge"	560.312	2939	NA	0.48	0.08	"M:2:V"
1890	"Norfolk"	285.633	5420	0.9	1	1.49	"G:5:V"
131	"Andurien"	317.943	2799	0.2	0.11	0.05	"M:4:V"
1936	"Oli"	203.745	5661	1	1.03	0.76	"G:2:V"
3162	"Peratallada"	524.828	3084	0.3	0.37	0.05	"M:4:V"
725	"Dnepropetrovsk"	343.619	4094	0.5	0.89	0.49	"K:6:V"
2345	"Sirdar"	334.587	2725	0.4	0.36	0.06	"M:5:V"
1991	"Pascagoula"	433.421	2969	0.1	0.27	0.01	"M:2:V"
880	"Flaum"	453.727	2646	0.4	0.66	0.01	"M:4:V"
685	"Delphos"	323.952	2616	0.4	0.65	0.04	"M:5:V"
1534	"Lukla"	231.841	2483	0.4	0.41	0.03	"M:5:V"
1584	"Mandate"	154.096	4723	0.5	0.89	0.16	"K:0:V"
2515	"Teniente"	359.19	3776	0.7	0.83	0.11	"K:0:V"
2494	"Tarol"	460.587	2906	0.2	0.49	0.03	"M:0:V"
382	"Branzoll"	271.234	2585	0.3	0.54	0.07	"M:5:V"
555	"Chukchi"	202.057	2462	0.3	0.14	NA	"M:3:V"
1490	"Lima"	241.842	2600	0.1	0.34	0.05	"M:5:V"
1869	"Nihal"	313.861	5499	0.8	1.09	1.31	"G:4:V"
1345	"Kiesen"	222.224	3847	0.5	0.74	0.33	"K:7:V"
2719	"Wappingers"	290.103	2564	0.4	0.56	NA	"M:3:V"
1258	"Jonathan"	137.034	2563	0.1	0.52	0.08	"M:3:V"
1925	"Ogano"	226.856	2553	0.2	0.52	0.01	"M:3:V"
1750	"Montour"	479.145	2955	0.1	NA	0.05	"M:2:V"
487	"Carver"	21.423	3970	0.5	0.73	0.46	"K:7:V"
3008	"Visby"	1098.304	3221	0.2	0.6	0.02	"M:3:V"
2540	"Thurrock"	389.33	4022	0.6	NA	0.41	"K:6:V"
1794	"Nam Dinh"	260.125	3231	0.4	0.58	0.04	"M:0:V"
1188	"Imbros"	34.14	3026	0.2	0.52	0.07	"M:2:V"
844	"Fallon"	371.02	3045	0.1	0.17	0.08	"M:3:V"
988	"Graceland"	265.811	2657	0.1	0.36	0.06	"M:5:V"
414	"Buckminster"	155.649	4691	0.7	0.74	0.48	"K:2:V"
1032	"Hagiwawa"	166.856	2527	0.4	0.4	0.08	"M:3:V"
1295	"Karakiraz"	364.621	3764	0.6	0.91	0.4	"K:5:V"
2072	"Procyon"	12.159	3025	0.4	0.45	0.04	"M:1:V"
1765	"Mosiro"	288.201	2798	0.1	0.6	0.01	"M:5:V"
2020	"Phalan"	135.839	4361	NA	0.74	0.38	"K:5:V"
295	"Belladonna"	290.927	2516	0.3	0.2	0.05	"M:5:V"
2904	"Gaul"	708.54	3883	0.5	0.78	0.38	"K:3:V"
728	"Domain"	250.282	2714	0.1	0.24	0.05	"M:2:V"
2578	"Trell"	403.379	2466	0.2	0.36	0.02	"M:5:V"
1640	"McAlister"	411.138	2995	0.2	0.34	0.02	"M:2:V"
2973	"Asturias"	1317.469	3027	0.4	0.23	0.06	"M:0:V"
2995	"Hamburg"	1020.752	2732	0.4	0.6	0.07	"M:3:V"
2969	"York"	1808.4	2879	0.4	0.47	0.05	"M:2:V"
296	"Bellatrix"	355.774	2751	0.3	0.44	0.02	"M:2:V"
2705	"Vosloorus"	323.699	2716	0.3	0.25	0.05	"M:5:V"
1141	"Howick"	466.878	2454	0.1	0.31	0.03	"M:1:V"
1843	"New Port Royal"	691.486	3809	0.7	0.83	0.42	"K:2:V"
2539	"Thun"	260.345	4648	0.5	0.77	0.12	"K:2:V"
279	"Bayindir"	383.041	3897	0.6	0.81	0.49	"K:6:V"
2149	"Reykavis"	464.532	3030	0.4	0.22	0.06	"M:4:V"
502	"Celebes"	140.327	5504	0.9	1.09	1.4	"G:2:V"
2786	"Xhosa"	174.559	3837	0.6	0.78	0.22	"K:4:V"
2849	"Zumbo"	729.844	2480	0.4	0.29	0.05	"M:5:V"
2434	"Summerstide"	551.739	3764	0.7	0.78	0.11	"K:6:V"
2629	"Unity"	364.766	4675	0.5	0.71	0.17	"K:2:V"
310	"Bessarabia"	277.985	4448	0.6	0.95	0.14	"K:2:V"
1247	"Jerangle"	477.006	4511	0.5	0.87	0.25	"K:0:V"
1635	"Mayenne"	598.071	3724	0.7	0.82	0.38	"K:5:V"
1401	"Koskenkorva"	520.55	3725	0.6	0.88	0.51	"K:7:V"
863	"Ferrara"	321.097	2522	0.4	0.28	0.07	"M:0:V"
444	"Callisto"	199.615	4650	0.5	0.84	0.44	"K:3:V"
1382	"Kobe"	281.853	5516	0.8	0.98	1.01	"G:5:V"
1941	"Omagh"	260.814	2407	0.4	0.25	0.05	"M:2:V"
1655	"Megaris"	441.599	2504	0.4	0.19	0.03	"M:6:V"
364	"Booker"	429.513	2920	NA	0.51	0.02	"M:2:V"
1933	"Old Canton"	472.077	4154	0.6	0.93	0.42	"K:3:V"
1245	"Jenet"	318.161	2631	0.1	0.63	0.03	"M:1:V"
1573	"Malazan"	286.051	2955	0.1	0.65	0.05	"M:1:V"
709	"Dichell"	579.927	2715	0.2	0.31	0.02	"M:5:V"
3063	"The Eyes in the Dark"	982.065	5291	1	1.14	1.32	"G:2:V"
2679	"Vestallas"	224.944	4386	0.7	0.77	0.47	"K:3:V"
3075	"Thala"	972.585	2784	0.4	0.19	0.04	"M:6:V"
320	"Bhaktapur"	82.246	2733	0.2	0.47	0.06	"M:4:V"
1701	"Midway"	320.287	2667	0.3	0.68	0.06	"M:3:V"
632	"Culmia"	594.969	4652	0.7	0.73	0.57	"K:3:V"
258	"Barcelona"	459.609	4142	0.8	0.84	0.36	"K:6:V"
2348	"Skandia"	252.494	2663	0.4	0.36	0.04	"M:7:V"
3086	"Rim Worlds Republic Outpost #7"	1631.332	2924	0.3	0.4	0.04	"M:3:V"
373	"Botany Bay"	514.774	2494	0.2	0.44	0.05	"M:3:V"
870	"Fincastle"	361.983	2694	0.3	0.64	0.05	"M:3:V"
1989	"Parma"	363.588	3878	0.6	0.77	0.17	"K:2:V"
2731	"Wazan"	140.817	2804	0.4	0.44	0.08	"M:3:V"
2092	"Quemoy"	157.885	4490	0.7	0.92	0.41	"K:4:V"
338	"Blackjack"	396.772	3799	0.5	0.91	0.26	"K:5:V"
615	"Coyle"	659.147	2542	0.4	0.25	0.03	"M:2:V"
1088	"Hellos Minor"	259.14	2826	NA	0.41	0.04	"M:1:V"
2512	"Tematagi"	380.055	2901	0.1	0.36	0.04	"M:2:V"
2367	"Sodertalje"	547.133	3382	0.3	0.55	0.02	"M:2:V"
1318	"Keeling"	278.311	2964	0.4	NA	0.06	"M:4:V"
82	"Almach"	118.119	2421	0.1	0.16	0.07	"M:2:V"
1955	"Osumi"	157.352	2591	0.4	0.59	0.05	"M:3:V"
2788	"Xieng Khouang"	323.221	4767	0.7	0.85	0.55	"K:2:V"
155	"Apolakkia"	359.733	2881	0.4	0.11	0.04	"M:5:V"
262	"Barstow"	175.434	4362	0.5	0.96	0.5	"K:5:V"
368	"Bordon"	71.374	3797	0.7	0.8	0.45	"K:7:V"
583	"Conakry"	342.513	2811	0.1	0.25	0.04	"M:1:V"
1504	"Lockdale"	40.357	2573	0.4	0.62	0.07	"M:4:V"
942	"Geifer"	190.01	2614	0.3	0.63	0.03	"M:2:V"
348	"Blueys"	670.64	3312	0.4	0.35	0.05	"M:2:V"
197	"Asuncion"	101.771	2592	0.2	0.33	0.02	"M:5:V"
2897	"Dormandaine"	473.168	4366	0.5	0.81	0.14	"K:4:V"
1162	"Hyde"	162.376	4518	0.6	0.85	0.59	"K:3:V"
111	"Alyina"	366.636	2980	0.3	0.46	0.05	"M:2:V"
1733	"Mkuranga"	355.783	5581	1	1.03	0.88	"G:4:V"
1697	"Mickleover"	594.626	3107	0.4	0.22	0.07	"M:0:V"
1805	"Neerabup"	475.797	2656	0.3	0.67	0.01	"M:6:V"
2013	"Perkasie"	194.354	3716	0.6	0.71	0.51	"K:7:V"
505	"Ceram"	546.033	2485	0.3	0.6	0.03	"M:8:V"
287	"Beid"	273.758	3931	0.8	0.72	0.18	"K:7:V"
822	"Espakeh"	455.958	2514	0.3	0.1	0.07	"M:2:V"
2915	"Orkney"	550.436	4244	0.7	0.84	0.5	"K:2:V"
220	"Avior"	200.721	2699	0.3	0.14	0.05	"M:0:V"
1398	"Korramabad"	521.303	2853	0.4	0.4	0.02	"M:2:V"
1132	"Hongqiao"	325.184	3376	0.1	0.67	0.01	"M:2:V"
585	"Conley's Patch"	301.418	3806	0.6	0.91	0.37	"K:7:V"
2150	"Rhodos"	222.587	2724	0.2	0.09	0.03	"M:5:V"
657	"Daneshmand"	194.869	5642	0.9	1.06	1.14	"G:2:V"
498	"Cayuga"	585.275	3231	0.3	0.61	0.01	"M:1:V"
2100	"Quines"	763.865	4839	0.5	0.78	0.39	"K:2:V"
801	"Emris"	173.88	2937	0.3	0.16	0.05	"M:3:V"
2934	"Radulov"	1604.186	3281	0.4	0.62	0.05	"M:2:V"
1513	"Lone Star"	50.631	5262	1	1.06	0.92	"G:5:V"
1985	"Pardeau"	149.723	2678	0.2	0.42	0.07	"M:1:V"
1797	"Nara"	416.671	2550	0.4	NA	0.05	"M:5:V"
1535	"Lungdo"	147.205	2546	0.3	NA	0.05	"M:5:V"
2307	"Shibukawa"	217.167	2945	0.4	0.46	0.03	"M:3:V"
2964	"Tathis"	1813.937	3353	0.1	0.38	0.05	"M:1:V"
913	"Gabenstad"	530.542	2519	0.3	0.61	0.03	"M:5:V"
1334	"Kesai"	384.95	3152	0.2	0.45	0.06	"M:2:V"
1030	"Haerhbin"	213.743	4241	0.6	0.87	0.48	"K:4:V"
3016	"Joppa"	438.63	3841	0.6	0.85	0.45	"K:5:V"
1589	"Manihiki"	266.902	3789	NA	0.75	NA	"K:3:V"
641	"Cynthiana"	76.673	2404	0.4	0.42	0.05	"M:2:V"
2684	"Victoria"	360.161	4055	0.5	0.9	0.39	"K:0:V"
166	"Arc-Royal"	283.494	3387	0.4	0.39	0.02	"M:1:V"
2987	"Danzig"	1064.164	3935	0.6	0.76	0.43	"K:2:V"
612	"Courtney"	283.773	3259	0.4	0.15	0.06	"M:2:V"
1622	"Masterton"	471.527	4378	0.5	0.78	0.31	"K:4:V"
765	"Eaton"	138.705	2543	0.1	0.31	0.05	"M:7:V"
3113	"Interstellar Expeditions Base #22"	1900.682	3914	0.5	0.85	0.46	"K:5:V"
1434	"Kyrkbacken"	94.36	4537	0.6	0.76	0.11	"K:2:V"
903	"Frondas"	248.377	3218	0.3	0.13	0.04	"M:1:V"
1243	"Jeanette"	429.198	2971	0.2	0.56	0.04	"M:3:V"
980	"Gorfynt"	541.875	5642	0.9	1.08	1.35	"G:4:V"
1146	"Huaide"	473.488	2529	0.4	NA	0.07	"M:5:V"
1842	"New Oslo"	386.446	4175	NA	0.88	0.38	"K:3:V"
3	"Abadan"	118.958	4337	0.6	0.79	0.51	"K:3:V"
722	"Dirk's Gulf"	271.335	4483	0.6	0.91	0.32	"K:2:V"
838	"Fadiffolu"	343.874	4360	0.7	0.89	0.29	"K:5:V"
534	"Chertan"	76.311	2846	0.4	0.55	0.08	"M:2:V"
1046	"Hamilton"	88.794	3130	0.3	0.27	0.04	"M:3:V"
1252	"Jiddah"	365.767	2965	0.4	0.64	NA	"M:4:V"
2968	"Vinton"	1912.192	5314	0.9	1.11	1.49	"G:2:V"
1966	"Oyevaina"	266.727	3259	0.4	0.2	0.01	"M:3:V"
1943	"Oporto"	545.053	4516	0.6	0.74	0.22	"K:2:V"
2561	"Tok Do"	202.554	4232	0.6	NA	0.27	"K:2:V"
2600	"Tukayyid"	210.467	2895	0.3	0.35	0.06	"M:5:V"
1898	"Nouveau Toulouse"	290.756	5516	1	1.03	0.79	"G:3:V"
882	"Fletcher"	220.627	5626	0.9	1.13	0.63	"G:3:V"
2175	"Rosamond"	181.753	4793	0.6	0.82	0.42	"K:2:V"
729	"Domeyko"	717.551	2973	0.2	0.69	0.06	"M:2:V"
2627	"Umka"	384.004	5628	0.9	0.97	1.21	"G:4:V"
2003	"Peacock"	229.088	2906	0.2	0.68	0.04	"M:5:V"
1478	"Leoben"	407.373	5250	0.9	0.98	1.48	"G:2:V"
1328	"Kent"	704.97	2649	0.3	0.35	0.02	"M:5:V"
403	"Bromhead"	409.885	3731	0.6	0.87	0.22	"K:2:V"
2407	"Stellaris"	318.335	2647	0.1	0.3	0.04	"M:4:V"
1077	"Hednesford"	431.594	2934	0.4	0.26	0.02	"M:3:V"
2655	"Vandalia"	482.258	5412	0.9	1.02	1.22	"G:2:V"
2417	"Storfors"	371.449	5478	0.9	0.97	0.76	"G:5:V"
576	"Colia"	363.701	4047	0.7	0.76	0.16	"K:5:V"
21	"Aconcagua"	334.065	4187	0.6	0.73	0.32	"K:1:V"
608	"Cotocallao"	332.801	2842	0.4	0.14	0.04	"M:4:V"
579	"Coloma"	296.543	2750	0.4	0.37	0.03	"M:2:V"
480	"Carmichael"	402.052	4052	0.8	0.71	0.38	"K:5:V"
2793	"Yangtze"	87.323	3818	0.7	0.81	0.23	"K:7:V"
1712	"Minderoo"	298.972	4018	0.5	0.83	0.38	"K:2:V"
395	"Brisbane"	427.829	3356	0.4	0.47	0.05	"M:0:V"
1449	"Lancaster"	145.538	3104	0.3	0.45	NA	"M:3:V"
2771	"Wonju"	492.495	2973	0.3	0.62	NA	"M:5:V"
2802	"Yorii"	22.621	3200	0.2	0.5	0.01	"M:3:V"
237	"Baggville"	451.862	2774	0.4	0.51	0.07	"M:5:V"
1512	"Lonaconing"	454.76	2856	0.1	0.35	0.04	"M:2:V"
457	"Campertown"	159.419	3905	0.5	0.7	0.5	"K:5:V"
2473	"Tallmadge"	279.21	3806	0.7	0.86	0.1	"K:2:V"
947	"Ghaziabad"	388.746	3215	0.4	0.26	0.04	"M:3:V"
1275	"Kagoshima"	324.645	5384	0.9	1.07	0.68	"G:4:V"
1262	"Joshua"	638.782	2653	0.3	0.28	0.04	"M:2:V"
3077	"Beta Salandor"	1334.29	2879	0.1	0.6	0.03	"M:2:V"
1878	"Nis"	312.667	3176	0.4	0.47	0.05	"M:0:V"
2765	"Winter"	460.895	2937	0.2	0.15	0.08	"M:0:V"
1102	"Herzberg"	310.686	2725	0.2	0.3	0.04	"M:6:V"
3043	"Waystation 531"	1540.049	2843	0.1	0.13	0.02	"M:1:V"
2978	"León"	1301.696	4743	0.6	0.7	0.36	"K:2:V"
209	"August"	169.534	3032	0.1	0.29	0.03	"M:2:V"
2510	"Tellman's Mistake"	394.825	2724	0.3	0.25	0.04	"M:4:V"
865	"Fetsund"	507.533	2639	0.4	0.39	0.01	"M:3:V"
2385	"Spica"	255.008	2508	0.1	0.6	0.05	"M:6:V"
2304	"Sheridan"	187.744	5539	0.9	1.06	1.09	"G:5:V"
2290	"Shalaine"	544.863	3059	0.1	0.25	0.06	"M:4:V"
126	"Ancha"	83.676	3036	0.3	0.3	0.04	"M:1:V"
590	"Conwy"	105.446	3228	0.1	0.47	0.08	"M:1:V"
2892	"Colchis"	676.871	4030	0.5	0.7	0.49	"K:3:V"
120	"Ammon"	659.668	2783	0.4	0.54	0.07	"M:4:V"
742	"Dromini"	69.358	3898	0.7	0.72	0.37	"K:7:V"
365	"Boondock"	591.287	2584	0.1	0.69	0.04	"M:7:V"
537	"Chiavenna"	390.641	2511	0.1	0.53	0.07	"M:1:V"
1395	"Konstance"	98.458	2611	0.2	0.62	0.02	"M:7:V"
504	"Centavido"	449.868	2525	0.3	0.57	0.01	"M:3:V"
385	"Braunton"	270.161	2493	0.3	NA	0.02	"M:0:V"
2588	"Trondheim"	411.701	4180	0.8	0.74	0.35	"K:5:V"
1819	"New Caledonia"	409.831	2585	0.2	0.22	0.03	"M:5:V"
2873	"New St. Andrews"	524.267	2433	0.2	0.19	0.07	"M:8:V"
763	"Eaglesham"	138.701	3053	0.2	0.59	0.04	"M:3:V"
1339	"Keytesville"	376.33	3236	0.3	0.4	0.01	"M:0:V"
2804	"Ype-Jhu"	688.329	3261	0.4	0.21	NA	"M:2:V"
1476	"Leiston"	292.421	3211	0.3	0.2	0.02	"M:1:V"
3032	"Star Cluster P12"	1309.703	2440	0.3	0.19	0.03	"M:4:V"
2598	"Tuamotu"	299.675	2470	0.4	0.51	0.07	"M:8:V"
1497	"Linqing"	461.654	2749	0.2	0.48	0.05	"M:3:V"
113	"Amber"	471.531	2975	0.4	0.11	0.06	"M:3:V"
1465	"Launam"	167.677	4363	0.7	0.85	0.41	"K:4:V"
747	"Duantia"	344.895	2659	0.1	0.55	0.04	"M:3:V"
1532	"Ludwig"	179.422	4220	0.5	0.84	0.52	"K:4:V"
2356	"Skye"	76.743	2756	0.4	0.53	0.05	"M:0:V"
242	"Baliggora"	610.608	2844	0.1	0.67	0.03	"M:2:V"
606	"Corydon"	220.061	5307	0.9	1.08	0.66	"G:5:V"
739	"Dreadlord"	586.05	3183	0.4	0.57	0.07	"M:2:V"
2732	"Weatogue"	293.765	4380	0.5	0.82	0.54	"K:2:V"
2153	"Ridderkerk"	354.281	2756	0.4	0.63	0.07	"M:1:V"
2057	"Poulsbo"	380.711	2570	0.2	0.47	0.02	"M:5:V"
115	"Ambergrist"	270.737	2585	0.1	0.34	0.01	"M:3:V"
1154	"Hunter's Paradise"	614.662	2683	0.2	0.2	0.02	"M:7:V"
2569	"Tortuga Prime"	704.53	5630	0.9	1.01	0.96	"G:3:V"
99	"Altdorf"	353.928	5393	0.8	1.1	0.68	"G:4:V"
2590	"Truth"	177.533	3363	0.2	0.6	0.02	"M:2:V"
1917	"Obrenovac"	384.352	2738	0.4	0.6	0.05	"M:3:V"
618	"Crawford's Delight"	559.875	2904	0.3	0.45	0.06	"M:5:V"
2896	"Diik"	705.361	2849	0.2	0.23	0.08	"M:3:V"
748	"Dubhe"	72.383	2654	0.4	0.33	0.04	"M:3:V"
482	"Carnwath"	103.787	4848	0.8	0.95	0.52	"K:2:V"
654	"Damevang"	351.525	3833	0.5	0.82	0.43	"K:2:V"
2580	"Trent"	144.069	2825	0.3	0.34	0.06	"M:4:V"
202	"Atreus"	251.654	2851	0.2	0.32	0.04	"M:5:V"
175	"Arlanda"	484.991	3969	0.7	0.79	0.21	"K:1:V"
143	"Annunziata"	431.715	5320	1	1.14	1.32	"G:2:V"
1816	"New Avalon"	288.627	2921	0.1	0.25	0.08	"M:1:V"
2749	"Westfield"	259.004	3097	0.4	0.67	0.03	"M:2:V"
2498	"Tau Ceti"	12.785	3288	NA	0.4	0.03	"M:1:V"
698	"Detroit"	452.956	3022	0.4	0.26	0.02	"M:1:V"
1678	"Menkib"	149.445	3127	0.2	0.67	0.06	"M:3:V"
2410	"Sternwerde"	256.689	5358	1	1.05	1.1	"G:4:V"
2293	"Sharpe"	217.003	2979	0.4	0.33	NA	"M:0:V"
137	"Angra"	532.012	3951	0.5	0.73	0.41	"K:2:V"
506	"Cerberus"	512.542	3257	0.3	0.33	0.02	"M:3:V"
854	"Fathepur"	358.295	3294	NA	0.1	0.02	"M:1:V"
2593	"Tsarahavana"	464.419	2429	0.4	0.2	0.04	"M:8:V"
3133	"Franmalin"	629.866	2460	0.1	0.12	0.07	"M:4:V"
2745	"Werfer"	417.917	4360	0.7	0.93	0.48	"K:2:V"
274	"Batavia"	208.581	2683	0.1	0.24	0.03	"M:4:V"
2747	"Westerhand"	276.138	2400	0.4	0.16	0.07	"M:1:V"
1427	"Kutludugun"	382.318	2431	0.3	0.58	0.02	"M:3:V"
2509	"Tellman"	546.04	3979	0.5	0.73	0.15	"K:7:V"
2698	"Vixen"	487.646	3503	0.2	0.59	0.03	"M:1:V"
3041	"Trinity"	801.009	4022	0.5	0.91	0.41	"K:7:V"
3085	"Rim Worlds Republic Outpost #4"	1773.572	2820	0.3	0.47	0.05	"M:3:V"
1623	"Matamoras"	430.949	3184	0.2	0.11	0.05	"M:2:V"
1301	"Kashilla"	201.159	2804	0.2	0.64	0.07	"M:1:V"
898	"Frankson"	587.803	2679	0.2	0.6	NA	"M:5:V"
3163	"Pyrrhus"	491.769	5482	0.8	1.07	NA	"G:2:V"
986	"Goubellat"	388.164	2754	0.2	0.18	0.06	"M:1:V"
216	"Autumn Wind"	188.951	2526	0.1	0.69	0.03	"M:7:V"
1226	"Jabuka"	221.254	4531	0.5	0.92	0.48	"K:3:V"
1637	"Maynard"	304.505	2489	0.1	0.18	0.07	"M:5:V"
2999	"Köningsberg"	1228.04	2682	0.4	0.44	0.07	"M:1:V"
1341	"Khi"	245.709	3123	0.4	0.34	0.07	"M:3:V"
1795	"Namen"	275.865	3939	0.8	0.87	0.36	"K:6:V"
1421	"Kumqwat"	307.86	5532	NA	0.97	1.13	"G:5:V"
1207	"Ipswich"	237.932	4513	0.8	0.75	0.26	"K:3:V"
189	"Asellus Borealis"	155.214	5354	0.9	1.04	0.73	"G:4:V"
3084	"Richmond's World"	896.575	2420	0.2	0.29	0.08	"M:1:V"
2123	"Rasalhague"	391.74	3820	0.7	0.83	0.11	"K:3:V"
1886	"Noh-wan Hohm"	236.324	3736	0.7	0.82	0.09	"K:7:V"
1621	"Masterson"	185.794	2664	0.2	0.11	0.01	"M:1:V"
2104	"Radlje"	381.223	5520	0.8	1	1.39	"G:5:V"
2784	"Xanthe"	337.454	3889	0.6	0.94	0.25	"K:4:V"
301	"Benfled"	270.772	3929	0.7	0.85	0.32	"K:2:V"
245	"Ballentine"	237.533	5223	1	1	1.03	"G:2:V"
603	"Coromodir"	475.527	2622	0.2	0.58	0.01	"M:4:V"
2136	"Remshield"	170.49	2628	0.2	0.64	0.06	"M:1:V"
2880	"Zorn's Keep"	443.433	3831	0.7	0.87	0.1	"K:5:V"
2021	"Phecda"	74.468	4108	0.6	0.88	0.09	"K:6:V"
2179	"Rosetta"	515.238	3281	0.3	0.68	0.05	"M:1:V"
2255	"Scarborough"	272.458	2504	0.2	0.13	0.01	"M:2:V"
2051	"Porrima"	179.977	2699	NA	0.23	0.04	"M:6:V"
1026	"Haappajarvi"	277.073	5259	1	1.11	0.84	"G:4:V"
859	"Feltre"	362.666	3768	0.7	0.88	0.25	"K:6:V"
2399	"Stapelfeld"	449.627	2616	0.4	0.33	0.02	"M:5:V"
1267	"Jubka"	398.759	3202	0.1	0.32	0.05	"M:2:V"
1789	"Naissus"	383.145	3229	NA	0.19	0.08	"M:3:V"
1964	"Ovan"	208.056	4072	0.6	0.86	0.52	"K:3:V"
2700	"Volders"	292.777	2832	NA	0.36	0.04	"M:3:V"
2346	"Sirius"	8.267	3858	0.6	0.94	0.17	"K:6:V"
1835	"New Hope"	117.871	4707	0.6	0.84	0.21	"K:2:V"
1511	"Lokoja"	576.824	3154	0.2	0.16	0.02	"M:2:V"
2625	"Umgard"	437.137	4191	0.6	0.74	0.6	"K:2:V"
2332	"Sighisoara"	385.029	2815	0.2	0.67	0.02	"M:1:V"
1689	"Merton"	411.152	2643	0.4	0.33	0.06	"M:4:V"
2953	"Marshall"	1793.139	2657	0.4	0.68	0.07	"M:3:V"
2320	"Shirotori"	190.552	3339	0.1	0.18	0.04	"M:2:V"
344	"Blommestein"	758.27	4204	0.7	0.7	0.48	"K:2:V"
260	"Barlow's End"	310.951	4090	0.5	0.8	0.59	"K:6:V"
1714	"Minette"	484.203	2477	NA	0.64	0.05	"M:5:V"
2643	"Vakarel"	379.267	2549	0.4	0.28	0.04	"M:0:V"
3142	"Fable"	272.819	3865	0.5	0.92	0.44	"K:3:V"
1200	"Ingvolstand"	590.429	5010	0.7	0.91	0.28	"K:0:V"
1856	"New Valencia"	225.586	2654	0.3	0.6	0.06	"M:7:V"
602	"Corodiz"	398.705	4508	0.7	0.82	0.42	"K:2:V"
2017	"Pesht"	372.212	5241	0.9	1.05	0.95	"G:4:V"
2673	"Verdigreis"	498.288	3980	0.5	0.88	NA	"K:5:V"
1466	"Laureles"	224.82	5418	1	1.13	1.09	"G:5:V"
1578	"Manapire"	304.311	3906	0.5	0.9	0.47	"K:6:V"
794	"Ellsworth"	318.967	3263	0.1	0.09	0.08	"M:2:V"
1180	"Illium"	485.719	2659	0.2	0.26	0.07	"M:6:V"
968	"Glentworth"	341.741	2800	0.3	0.57	0.08	"M:1:V"
2869	"Lordinax"	500.631	2965	0.2	0.35	0.04	"M:3:V"
1748	"Monthey"	507.606	3241	0.4	0.4	0.02	"M:1:V"
1380	"Knutstad"	594.702	2592	0.4	0.65	NA	"M:7:V"
567	"Clinton"	174.483	2527	0.3	0.31	0.05	"M:3:V"
2792	"Yanchep"	316.753	2750	0.4	0.09	0.04	"M:4:V"
180	"Armstrong"	488.465	3616	0.4	0.07	0.01	"M:0:V"
2685	"Victralla"	442.245	4115	0.5	0.89	0.14	"K:5:V"
290	"Belaire"	432.578	3139	0.3	0.55	0.04	"M:2:V"
1101	"Herrmaz"	507.426	3847	NA	0.95	0.2	"K:7:V"
69	"Algol"	93.819	3012	0.4	0.55	NA	"M:2:V"
1785	"Nadrin"	348.528	2644	0.4	0.66	0.04	"M:3:V"
1483	"Lesnovo"	413.148	3875	0.7	0.92	NA	"K:7:V"
2741	"Weitinger"	365.975	2738	0.4	0.45	0.05	"M:4:V"
105	"Altona"	508.068	2828	0.4	0.36	0.07	"M:5:V"
731	"Donegal"	242.166	2728	NA	0.21	0.06	"M:3:V"
950	"Gibbs"	255.686	2418	0.2	0.3	0.05	"M:3:V"
471	"Carbonis"	181.908	4330	0.6	0.84	0.44	"K:2:V"
305	"Beowulf"	522.195	2490	0.3	0.53	0.05	"M:2:V"
2228	"Santa-Ana"	698.225	3019	0.3	0.4	0.05	"M:3:V"
2244	"Sarpsborg"	153.108	2578	0.3	0.35	0.04	"M:5:V"
2033	"Pinnacle"	436.836	2508	0.3	0.68	0.05	"M:0:V"
553	"Chouli"	334.009	2591	0.3	0.58	0.04	"M:3:V"
897	"Franklin"	250.969	2960	0.3	0.08	0.01	"M:2:V"
2186	"Rubigen"	219.982	3913	0.8	0.74	0.2	"K:4:V"
1802	"Nathan"	83.274	2800	0.1	0.48	0.07	"M:5:V"
2247	"Sauk City"	276.604	2836	0.4	0.47	0.06	"M:5:V"
1061	"Harsefeld"	143.095	2447	0.4	0.66	0.03	"M:3:V"
1942	"Onverwacht"	697.57	2927	0.2	0.17	0.04	"M:1:V"
1911	"Nuneaton"	364.28	4182	NA	0.77	0.09	"K:3:V"
1470	"Le Blanc"	207.855	3014	0.2	0.1	0.06	"M:2:V"
2226	"Sanda"	376.883	2433	0.1	0.55	0.01	"M:2:V"
996	"Gravenhage"	523.765	2461	0.4	0.33	0.03	"M:2:V"
1435	"La Blon"	79.491	2852	0.3	0.58	0.05	"M:3:V"
2115	"Ramona"	331.278	2968	0.4	0.56	0.02	"M:2:V"
3038	"Transfer Station P3"	892.752	2443	0.4	NA	0.05	"M:3:V"
979	"Goodna"	241.879	2762	0.3	0.64	0.03	"M:5:V"
2295	"Shasta"	241.161	5729	NA	0.96	0.84	"G:2:V"
2080	"Purvo"	265.626	3883	0.5	0.84	0.49	"K:7:V"
2584	"Trimaldix"	586.71	4545	0.5	0.86	0.11	"K:2:V"
54	"Albert Falls"	291.568	2452	0.1	0.18	0.03	"M:1:V"
957	"Gingeria"	565.302	4074	0.7	0.73	0.37	"K:6:V"
2382	"Sparrevohn"	391.961	5582	1	0.97	1.02	"G:4:V"
1916	"Oberon"	486.19	2988	0.4	0.49	0.02	"M:1:V"
438	"Caldwell"	465.142	4254	0.6	0.94	0.54	"K:2:V"
619	"Cree"	311.687	4194	0.5	0.87	0.1	"K:5:V"
1931	"Olafsvik"	297.219	3114	0.3	0.51	0.07	"M:2:V"
59	"Aldebaran"	69.028	3124	0.4	0.36	0.04	"M:1:V"
330	"Birmensdorf"	469.209	4006	0.5	0.89	0.59	"K:2:V"
2944	"Grant's Station"	1836.562	2549	0.4	0.55	0.06	"M:3:V"
231	"Babaeski"	337.166	3774	0.7	0.9	0.16	"K:5:V"
2816	"Zangul"	419.935	3959	0.7	0.77	0.35	"K:3:V"
711	"Dicon"	325.864	2758	0.3	0.16	0.04	"M:0:V"
2615	"Ugland"	567.986	2589	0.2	0.24	0.03	"M:3:V"
1726	"Mithron"	427.278	3831	0.6	0.91	0.09	"K:2:V"
809	"Entalun"	335.777	4361	0.8	0.91	0.19	"K:0:V"
164	"Arcadia"	268.762	4046	0.7	0.75	0.57	"K:5:V"
2928	"Arcadia"	1612.952	2783	0.3	0.59	0.06	"M:5:V"
2877	"Stafford"	522.429	4299	0.6	0.7	0.43	"K:4:V"
1236	"Jardine"	220.671	3826	0.5	0.74	0.58	"K:7:V"
61	"Aldrecht"	174.724	2928	0.2	0.48	0.04	"M:1:V"
635	"Curaumilla"	351.204	2788	0.1	0.48	0.07	"M:0:V"
1157	"Hurik"	403.869	4807	0.6	0.77	0.4	"K:2:V"
1304	"Katla"	346.193	2831	0.2	0.36	0.02	"M:4:V"
1927	"Ohrensen"	122.845	2607	0.3	0.1	0.02	"M:7:V"
625	"Crofton"	528.715	4247	0.7	0.7	0.36	"K:5:V"
1463	"Latexo"	401.037	2530	0.2	0.52	0.04	"M:4:V"
699	"Devil's Breath"	557.736	5277	0.9	1.11	NA	"G:2:V"
34	"Adrian"	450.134	5459	0.9	1.02	1.3	"G:3:V"
1995	"Pattison"	590.181	2855	0.1	0.12	0.05	"M:3:V"
2930	"Babylon"	1605.647	2772	0.3	0.12	0.06	"M:6:V"
2212	"Sakhara"	278.677	2550	0.4	0.51	0.05	"M:5:V"
2763	"Wing"	76.01	2525	0.3	0.07	0.08	"M:7:V"
50	"Al Jubaylah"	336.451	2972	0.2	0.12	0.06	"M:2:V"
2940	"Delios"	1805.006	2438	0.3	0.22	0.05	"M:8:V"
2144	"Repulse"	397.433	5599	0.9	1.04	1.03	"G:2:V"
2476	"Tamsalu"	234.775	2740	0.3	0.68	0.06	"M:1:V"
1323	"Kelenfold"	206.356	2634	0.2	0.12	0.02	"M:2:V"
1028	"Haddings"	46.185	4136	0.5	0.71	NA	"K:6:V"
1539	"Luthien"	301.403	2982	0.3	0.19	0.06	"M:2:V"
3093	"T Cephei"	690.617	3443	0.2	0.2	0.03	"M:0:V"
2866	"Leximon"	507.641	2742	0.3	0.57	0.03	"M:4:V"
672	"Decatur"	340.59	2804	0.3	0.43	0.06	"M:6:V"
2506	"Tecumseh"	174.462	3022	0.2	0.49	0.04	"M:4:V"
1998	"Paulus Prime"	485.685	2685	0.1	0.42	0.06	"M:7:V"
2522	"Teylingen"	434.567	3054	0.2	0.57	0.02	"M:3:V"
1909	"Numenor"	303.528	2583	0.3	0.28	0.07	"M:6:V"
3129	"Ålborg"	744.608	2479	0.3	0.14	0.04	"M:5:V"
73	"Alioth"	60.559	5536	0.9	0.96	0.65	"G:2:V"
1422	"Kupang"	278.422	3786	0.7	0.89	0.17	"K:5:V"
353	"Bobruisk"	336.545	5704	1	1.05	NA	"G:2:V"
2116	"Ramora"	501.188	4572	0.7	NA	0.09	"K:3:V"
472	"Carcassonne"	380.813	2713	0.4	0.4	0.04	"M:3:V"
2091	"Quelimane"	605.68	5456	1	NA	1.41	"G:2:V"
1698	"Midale"	408.778	5239	1	1	0.61	"G:2:V"
1289	"Kandis"	322.107	4027	0.7	0.94	0.15	"K:0:V"
1514	"Loongana"	314.319	2518	0.3	0.24	0.03	"M:7:V"
2622	"Ulubis"	607.488	4055	0.7	0.87	0.4	"K:4:V"
1414	"Krimari"	468.344	2858	0.4	0.24	0.04	"M:5:V"
1963	"Outreach"	34.827	3863	0.5	0.7	0.29	"K:5:V"
2205	"Safe Port"	316.904	4896	NA	0.86	0.12	"K:0:V"
1756	"Morgan's Holdfast"	699.702	2866	0.1	0.67	0.03	"M:0:V"
1375	"Klayne"	242.665	3980	0.5	0.87	0.54	"K:7:V"
1538	"Lushun"	525.771	2464	0.4	0.33	0.05	"M:8:V"
2666	"Veckholm"	169.866	3078	0.2	0.66	0.07	"M:3:V"
1343	"Ki Zoban"	465.272	2924	0.1	0.6	0.02	"M:2:V"
20	"Acoma"	232.892	2406	0.4	0.18	0.01	"M:5:V"
2857	"Algenib"	579.783	5118	0.5	0.92	0.12	"K:0:V"
795	"Elnath"	128.562	2504	0.3	0.62	0.07	"M:2:V"
371	"Borka"	330.52	3064	0.3	0.27	0.04	"M:2:V"
2265	"Schwartz"	461.704	3293	0.2	0.51	0.06	"M:1:V"
500	"Cebalrai"	119.666	3789	0.5	0.96	0.46	"K:2:V"
2338	"Silver"	363.561	3090	0.4	0.41	0.02	"M:2:V"
138	"Anguilla"	419.341	4194	0.6	0.89	0.26	"K:5:V"
2994	"Greifswald"	945.901	5470	1	1.06	1.42	"G:5:V"
665	"Darwendale"	407.791	2491	0.4	0.22	0.02	"M:2:V"
1159	"Hustaing"	251.749	2432	0.2	0.62	0.03	"M:5:V"
2181	"Rosiclare"	481.316	2761	0.3	0.17	0.07	"M:2:V"
277	"Baxter"	116.922	2825	0.3	0.16	0.05	"M:3:V"
1880	"Nizina"	384.736	2409	0.2	0.63	0.06	"M:2:V"
1193	"Incukalns"	292.906	3916	0.7	0.79	0.14	"K:0:V"
2418	"Stotzing"	402.537	4331	0.7	0.76	0.56	"K:2:V"
1277	"Kaifeng"	168.386	3211	0.3	0.25	0.01	"M:3:V"
495	"Catroxx"	97.864	5455	1	1.06	1.33	"G:2:V"
1299	"Karston"	277.256	2477	0.4	0.13	0.02	"M:8:V"
3165	"Tiburon"	511.602	2845	0.3	0.35	0.05	"M:3:V"
1723	"Mississauga"	370.667	4333	0.7	0.75	0.31	"K:5:V"
157	"Apostica"	166.39	2781	0.2	0.61	0.07	"M:2:V"
2570	"Toten"	575.543	3140	0.1	0.62	0.04	"M:3:V"
2095	"Quilino"	358.63	2978	0.3	NA	0.05	"M:1:V"
551	"Chota"	187.91	4767	0.6	0.84	0.54	"K:0:V"
1626	"Matsu"	157.13	2985	0.4	0.36	0.07	"M:3:V"
792	"Ellengurg"	394.796	2707	0.3	0.5	0.07	"M:5:V"
1854	"New Syrtis"	376.217	2533	0.2	0.67	0.07	"M:5:V"
1428	"Kuzuu"	70.486	3774	0.5	0.79	0.41	"K:6:V"
2528	"The Edge"	408.464	2993	0.2	0.1	0.07	"M:4:V"
2118	"Randar"	186.316	3810	0.7	0.75	0.21	"K:4:V"
1234	"Jápminboddu"	555.547	3782	0.6	0.71	0.52	"K:5:V"
1272	"Kabah"	423.636	3346	0.3	0.54	0.01	"M:2:V"
447	"Calseraigne"	367.76	2662	0.1	0.18	0.04	"M:4:V"
2839	"Zinal"	527.101	2971	0.3	0.21	0.07	"M:3:V"
101	"Alterf"	256.113	2814	0.2	0.42	0.05	"M:1:V"
857	"Feijo"	734.962	2526	0.3	0.66	0.08	"M:3:V"
2975	"Córdoba"	1343.139	2662	0.3	0.08	0.04	"M:1:V"
2677	"Vermezzo"	396.42	2861	0.3	0.51	0.05	"M:2:V"
1784	"Naco"	571.712	5218	1	1.05	1.05	"G:4:V"
326	"Bilma"	339.826	2402	0.2	NA	0.05	"M:4:V"
3025	"Kinbrace"	950.161	3072	0.1	0.21	0.02	"M:4:V"
2316	"Shipton"	539.764	3092	0.2	0.56	0.05	"M:4:V"
1158	"Huron"	323.203	2607	0.2	0.58	0.05	"M:4:V"
852	"Farnsworth"	562.32	5615	0.9	1	NA	"G:2:V"
1060	"Harrow's Sun"	271.312	2887	0.1	0.49	0.02	"M:3:V"
3169	"Graystone"	1255.592	2785	0.1	0.3	0.05	"M:5:V"
846	"False Dawn"	695.288	4603	0.6	0.79	0.44	"K:3:V"
2604	"Turko"	248.574	2686	0.3	0.26	0.04	"M:6:V"
2594	"Tsinan"	319.063	4129	0.5	0.74	0.22	"K:2:V"
293	"Bell"	579.19	2637	0.1	0.59	0.07	"M:7:V"
1041	"Halla"	552.862	2746	0.1	0.55	0.07	"M:1:V"
1610	"Maripa"	781.308	2476	0.1	0.23	0.06	"M:3:V"
327	"Biloela"	351.51	3404	0.1	0.39	0.03	"M:2:V"
2414	"Stirling"	460.492	2663	0.3	0.09	0.01	"M:0:V"
701	"Devin"	351.772	2881	0.3	0.16	0.04	"M:4:V"
3068	"Kefya"	1049.379	2777	0.4	0.13	0.03	"M:5:V"
1992	"Pasemah"	544.038	4068	0.5	0.88	0.27	"K:2:V"
2746	"Wernke"	339.138	2857	0.2	0.13	0.06	"M:0:V"
2603	"Turkalia"	304.931	3263	0.1	0.2	0.06	"M:0:V"
3057	"Malador Cluster"	1113.246	4353	0.5	0.91	0.13	"K:3:V"
133	"Anembo"	427.152	2512	0.3	0.53	0.05	"M:2:V"
1670	"Memmingen"	308.667	3958	0.5	0.88	0.13	"K:6:V"
2499	"Taumaturgo"	764.22	3102	0.1	0.38	0.02	"M:1:V"
342	"Blandou"	305.857	3393	0.4	0.44	0.05	"M:2:V"
983	"Goshen"	164.609	3850	0.7	0.93	0.46	"K:5:V"
2442	"Susulatna"	357.089	2488	0.1	0.3	0.07	"M:2:V"
818	"Eromanga"	307.609	2820	0.3	0.41	0.03	"M:3:V"
823	"Espia"	390.061	5304	0.8	1.05	0.81	"G:2:V"
2725	"Washburn"	186.768	2523	0.3	0.23	0.04	"M:5:V"
1129	"Home"	323.295	2872	0.2	0.13	0.05	"M:0:V"
1606	"Marfik"	105.768	2487	0.2	0.47	0.04	"M:5:V"
1212	"Isabela"	363.563	2844	0.2	0.6	0.06	"M:5:V"
2520	"Tetski"	491.614	2662	0.2	0.45	0.06	"M:4:V"
2571	"Totness"	686.633	2477	0.4	0.37	0.01	"M:7:V"
2252	"Savonburg"	498.346	3224	0.4	0.47	0.03	"M:3:V"
594	"Coraines"	527.511	3163	0.4	0.26	0.04	"M:3:V"
2302	"Shenwan"	241.813	4803	0.7	0.71	0.08	"K:0:V"
2824	"Zawiercie"	314.411	2416	0.4	0.55	0.02	"M:2:V"
631	"Csomad"	517.606	4046	0.6	0.88	0.19	"K:6:V"
2639	"Uzhgorod"	221.412	2931	0.2	0.6	0.04	"M:4:V"
2931	"Circe"	1619.476	2529	0.3	NA	0.05	"M:4:V"
3048	"Doggerbank"	1033.575	2905	0.2	0.54	0.06	"M:4:V"
2610	"Tylarzka"	294.871	3310	0.3	0.09	0.03	"M:0:V"
48	"Al Hillah"	180.502	4610	0.8	0.73	0.24	"K:2:V"
1651	"Medellin"	404.692	3051	NA	0.3	0.07	"M:2:V"
1619	"Marshdale"	368.265	2474	0.4	0.11	0.02	"M:5:V"
1256	"Johnson"	588.568	2533	0.4	0.59	0.05	"M:4:V"
2108	"Ragusa"	217.821	3336	0.2	0.62	0.03	"M:0:V"
2083	"Qalzi"	465.835	3066	0.1	0.49	0.05	"M:3:V"
875	"Firenze"	423.608	3011	0.4	0.29	0.05	"M:1:V"
340	"Blair Atholl"	288.544	5595	1	1.14	1.48	"G:2:V"
1432	"Kwangjong-ni"	487.865	2792	0.1	0.1	0.05	"M:2:V"
1313	"Kawich"	61.332	3741	0.7	0.86	0.11	"K:7:V"
331	"Birqash"	383.362	4465	0.5	0.92	0.42	"K:4:V"
1228	"Jacomarle"	382.846	2445	0.3	0.32	0.05	"M:2:V"
2963	"Tamaron"	1856.995	3251	0.3	0.22	0.02	"M:0:V"
952	"Gibson"	326.654	5587	0.8	0.96	1.02	"G:2:V"
1057	"Harminous"	481.747	4234	0.5	0.92	0.45	"K:2:V"
2704	"Vorzel"	296.098	4321	0.8	0.75	0.1	"K:5:V"
1281	"Kakada"	315.939	2547	0.3	0.6	0.04	"M:6:V"
160	"Aquagea"	406.98	2535	NA	0.34	0.05	"M:5:V"
3079	"Interstellar Expeditions Base #6"	1297.62	3136	0.3	0.15	0.04	"M:3:V"
700	"Devil's Rock"	39.295	3328	0.1	0.59	0.05	"M:1:V"
306	"Berenson"	72.441	2744	0.4	0.22	0.06	"M:0:V"
2081	"Pusht-i-rud"	510.364	3936	0.8	0.89	0.32	"K:6:V"
2912	"McEvans' Sacrifice"	521.974	2409	0.2	0.43	0.01	"M:8:V"
1494	"Ling"	128.8	2600	0.2	0.36	0.07	"M:1:V"
642	"Cyrenaica"	315.516	2683	0.4	0.38	0.04	"M:5:V"
900	"Fredotto"	587.427	3874	0.6	0.81	0.52	"K:5:V"
676	"Dehgolan"	199.071	5772	1	1.04	0.95	"G:2:V"
1360	"Kirei Na Niwa"	332.215	2984	0.2	0.56	0.05	"M:2:V"
3049	"Dorian's Tears"	1201.703	3223	0.2	0.3	0.08	"M:3:V"
118	"Amity"	132.585	3861	0.6	0.8	0.58	"K:2:V"
2992	"Gateway"	965.99	2437	0.4	0.46	0.03	"M:7:V"
3045	"Argondale"	1104.532	2668	0.3	0.46	0.04	"M:1:V"
1587	"Mangor"	401.097	2656	0.4	0.22	NA	"M:5:V"
2738	"Weippe"	441.667	3276	0.2	0.38	0.08	"M:1:V"
2349	"Skaslien"	292.371	2428	0.2	0.7	0.02	"M:2:V"
2174	"Ronel"	95.676	2824	0.1	0.2	0.04	"M:1:V"
1179	"Ilion"	286.752	3966	0.6	0.82	0.23	"K:6:V"
2724	"Wasat"	58.11	3240	0.1	0.38	0.08	"M:3:V"
2842	"Zlatousi"	480.441	2753	0.4	0.64	0.05	"M:2:V"
2829	"Zebuluraskai"	671.835	4034	0.5	0.94	0.59	"K:5:V"
2901	"Ferris"	509.384	4686	0.6	0.95	0.31	"K:3:V"
1769	"Multan"	490.436	3237	0.2	0.68	0.03	"M:2:V"
2287	"Sevon"	484.114	5282	1	1.12	0.91	"G:2:V"
1932	"Olancha"	167.368	2426	0.1	0.46	0.08	"M:2:V"
2870	"Lummatii"	528.571	2471	0.4	0.51	0.05	"M:5:V"
1491	"Linden"	782.786	2947	0.2	0.5	0.01	"M:4:V"
2553	"Tiruchchirappalli"	463.505	2586	0.3	0.42	0.07	"M:3:V"
2018	"Petrolia"	316.046	2689	0.3	0.6	0.08	"M:7:V"
2457	"Synsstad"	512.745	3240	0.3	0.66	0.02	"M:2:V"
703	"DeWitt"	258.632	2416	0.2	0.46	0.02	"M:0:V"
936	"Ganshoren"	164.004	2485	0.4	0.53	0.02	"M:7:V"
1050	"Hanover"	400.763	4389	0.5	NA	0.23	"K:3:V"
2838	"Ziliang"	272.922	2594	0.2	0.62	0.02	"M:3:V"
756	"Duran"	300.32	2876	0.1	0.27	0.06	"M:2:V"
896	"Fortymile"	288.82	2442	0.1	0.26	0.06	"M:8:V"
1370	"Kitzingen"	228.012	4442	0.7	0.73	0.57	"K:1:V"
874	"Finsterwalde"	290.373	4221	0.7	0.96	0.57	"K:5:V"
2810	"Zalaf"	442.444	2968	0.3	0.1	0.06	"M:5:V"
1939	"Oliver"	32.57	2646	NA	0.29	0.04	"M:6:V"
2534	"Thirty Weight"	289.985	2945	0.1	0.17	0.02	"M:0:V"
774	"Eguilles"	236.068	5407	0.8	1.01	NA	"G:5:V"
1685	"Mermentau"	522.843	2453	0.1	0.48	0.04	"M:8:V"
361	"Bondurant"	169.039	2838	0.4	0.47	0.02	"M:4:V"
2548	"Timehri"	395.6	2413	0.3	0.35	NA	"M:5:V"
2381	"Soverzene"	328.893	5219	1	1.14	0.74	"G:4:V"
1891	"Norman's World"	483.994	5470	1	0.97	0.75	"G:5:V"
436	"Caldarium"	502.778	2967	0.1	0.25	0.07	"M:1:V"
2921	"Santander"	487.349	2536	0.1	0.6	0.02	"M:8:V"
2372	"Solor"	512.743	3133	0.2	0.07	0.04	"M:1:V"
1580	"Manaus"	392.141	4367	0.8	0.94	0.34	"K:3:V"
1529	"Lucianca"	189.926	2675	0.3	0.56	0.04	"M:2:V"
3017	"Attenbrooks"	988.69	2638	0.4	0.51	0.02	"M:7:V"
1074	"Heathville"	518.04	4110	0.7	0.95	0.49	"K:6:V"
1331	"Kerman"	507.612	2590	0.1	0.21	0.02	"M:0:V"
2658	"Vannes"	573.324	4822	0.8	0.79	0.55	"K:2:V"
3007	"Tomalov"	1025.026	2544	0.3	0.69	0.05	"M:8:V"
661	"Danxian"	347.841	5398	0.8	1.1	1.48	"G:5:V"
1598	"Mao"	579.089	2607	0.3	0.49	NA	"M:5:V"
2377	"Sornath"	684.636	2838	0.2	0.16	0.04	"M:5:V"
510	"Ceuta"	574.553	4167	0.8	0.86	0.46	"K:6:V"
2488	"Tapachula"	336.271	4330	0.6	0.91	0.18	"K:5:V"
488	"Cascade"	228.139	3395	0.3	0.22	0.02	"M:1:V"
2325	"Shui-pào"	134.49	4205	0.8	0.76	0.35	"K:5:V"
2630	"Unkador"	377.948	4221	0.8	0.73	0.28	"K:3:V"
2647	"Valentina"	422.267	2679	0.4	0.19	0.02	"M:4:V"
171	"Argyle"	277.741	2501	0.3	0.25	0.05	"M:5:V"
2946	"Hellgate"	1843.769	2530	0.2	0.58	0.02	"M:4:V"
1664	"Mejicanos"	506.009	2924	0.1	0.55	0.04	"M:5:V"
1400	"Kosciusko"	316.105	3035	0.3	0.55	0.05	"M:4:V"
744	"Drozan"	371.261	2941	0.4	0.11	0.04	"M:2:V"
2007	"Pencader"	354.437	3047	0.4	0.59	0.04	"M:2:V"
400	"Brockton"	545.165	3111	0.4	0.08	0.06	"M:1:V"
2974	"Castile"	1288.895	2611	0.2	0.31	0.06	"M:5:V"
1662	"Meinhof"	245.699	4028	0.6	0.84	0.42	"K:6:V"
1836	"New India"	460.77	3858	0.5	0.74	0.28	"K:5:V"
2070	"Prinis Prime"	527.614	3811	0.5	0.92	0.22	"K:3:V"
2220	"Saltville"	390.801	4200	0.6	0.75	0.28	"K:6:V"
1716	"Minowa"	241.777	3820	0.7	0.74	0.53	"K:3:V"
15	"Acamar"	55.235	4149	0.6	0.78	0.28	"K:6:V"
1288	"Matahari"	257.944	3862	0.8	0.9	0.14	"K:5:V"
605	"Corsica Nueva"	298.809	2810	0.1	0.56	0.07	"M:5:V"
2310	"Shimonita"	124.883	3376	0.2	0.28	0.02	"M:1:V"
1611	"Marisura"	481.775	4401	0.8	0.84	0.6	"K:2:V"
2635	"Uravan"	274.551	3104	0.4	0.32	0.03	"M:1:V"
2859	"Astrokaszy"	428.893	5684	0.9	1.07	1.44	"G:2:V"
797	"Elume"	498.351	2500	0.3	0.18	0.01	"M:4:V"
2403	"Steeles"	324.294	2676	0.3	0.07	0.04	"M:3:V"
2500	"Taurus"	435.328	2585	0.1	0.26	0.06	"M:3:V"
2917	"Placida"	504.699	3793	0.5	0.72	0.44	"K:5:V"
1826	"New Delos"	145.736	3239	0.2	0.45	0.08	"M:3:V"
1411	"Kreller"	357.934	2418	0.1	0.67	0.04	"M:8:V"
2707	"Vulture's Nest"	481.93	3771	0.6	0.93	0.33	"K:3:V"
923	"Gallery"	225.874	2733	0.3	0.49	0.06	"M:4:V"
139	"Anjin Muerto"	591.69	5593	0.9	1.04	0.93	"G:4:V"
1351	"Killarney"	450.86	5521	0.9	1	1.06	"G:5:V"
2106	"Radstadt"	319.322	5541	1	0.97	1.18	"G:2:V"
2565	"Tordenskjold"	591.644	2682	0.3	0.7	0.06	"M:4:V"
70	"Algorab"	115.66	4310	0.8	0.84	0.4	"K:5:V"
746	"Du Lac"	381.017	3206	0.2	0.58	0.06	"M:2:V"
630	"Csesztreg"	397.4	2438	0.2	0.42	0.05	"M:5:V"
2989	"Dortmund"	1072.368	3980	0.6	0.94	0.25	"K:7:V"
884	"Flintoft"	384.391	2846	NA	0.7	0.01	"M:1:V"
58	"Alcyone"	236.381	3244	0.3	NA	0.05	"M:3:V"
1192	"Inchicore"	362.448	2481	0.3	0.67	0.01	"M:7:V"
2988	"Dorpat"	1147.906	4356	0.7	0.85	0.24	"K:2:V"
3058	"Refuel Base Gamma"	1124.007	2503	0.4	0.64	0.07	"M:2:V"
1004	"Greypearl"	527.032	2837	0.4	0.53	0.04	"M:5:V"
1961	"Outer Volta"	353.846	2425	0.4	0.54	0.07	"M:8:V"
519	"Chanute"	464.329	4481	0.5	0.75	0.33	"K:3:V"
2487	"Tanz"	690.763	3099	0.1	0.61	0.08	"M:0:V"
87	"Alpha Eridani"	83.787	2660	0.1	0.21	0.07	"M:3:V"
806	"Enif"	517.167	3294	0.3	0.54	0.03	"M:2:V"
218	"Avellaneda"	100.437	2623	0.4	0.33	0.04	"M:2:V"
2706	"Vulcan"	327.355	2424	0.1	0.5	0.01	"M:4:V"
2009	"Pentvar"	328.657	3835	0.7	0.71	0.19	"K:3:V"
830	"Eustatius"	499.237	5139	0.6	0.79	0.14	"K:0:V"
1048	"Hammer"	396.507	4223	0.5	0.9	0.47	"K:0:V"
2337	"Silkeborg"	259.715	2466	0.2	0.52	0.05	"M:5:V"
1840	"New Mendham"	188.716	2905	0.4	0.59	0.04	"M:0:V"
733	"Doneval"	198.973	4041	0.7	0.77	0.47	"K:1:V"
1006	"Grobin"	119.956	5320	NA	0.97	1	"G:5:V"
2196	"Rzhishchev"	368.823	2754	0.2	0.21	0.07	"M:3:V"
1834	"New Home"	14.626	2846	0.4	0.66	0.01	"M:4:V"
2357	"Slaithwaite"	510.68	3898	0.8	0.93	0.39	"K:4:V"
1930	"Okefenokee"	610.668	2695	0.2	NA	0.02	"M:6:V"
646	"Dagda"	247.737	2527	0.4	0.6	0.08	"M:3:V"
1225	"Jaboatao"	525.95	3119	0.4	0.26	0.01	"M:3:V"
2363	"Smolnik"	276.531	3744	0.6	0.9	NA	"K:7:V"
2596	"Tsitsang"	120.366	3831	0.7	0.74	0.56	"K:2:V"
678	"Delacambre"	539.73	2411	0.2	0.08	0.08	"M:0:V"
3096	"Belgae"	978.662	2913	0.3	0.38	0.06	"M:5:V"
741	"Drienfontein"	397.279	2717	0.1	0.31	0.06	"M:2:V"
1216	"Islamabad"	409.89	2510	0.4	0.07	0.07	"M:5:V"
643	"Cyrton"	500.424	2476	NA	0.18	0.06	"M:4:V"
2562	"Toland"	446.647	2517	0.4	0.26	0.08	"M:7:V"
2400	"Stardawn"	353.546	3792	0.7	0.9	0.34	"K:5:V"
2587	"Trolloc Prime"	174.345	2522	0.1	0.47	0.04	"M:2:V"
1493	"Lindsay"	406.414	3213	0.4	0.15	NA	"M:2:V"
1072	"Hean"	76.095	2653	0.3	0.36	0.05	"M:3:V"
998	"Graz"	251.101	2555	0.1	0.12	0.02	"M:7:V"
136	"Angol"	96.073	2460	0.4	0.34	0.04	"M:7:V"
441	"Calingasta"	695.305	3917	NA	0.84	0.56	"K:7:V"
1442	"Lackland"	573.445	3019	NA	0.36	NA	"M:3:V"
2710	"Waini Point"	750.862	2743	0.1	0.39	0.07	"M:6:V"
3053	"Interstellar Expeditions Base #14"	1535.02	3764	0.7	0.96	0.4	"K:2:V"
2860	"Baccalieu"	525.243	2613	0.2	0.5	0.07	"M:5:V"
200	"Atlas"	290.432	2517	0.2	0.27	0.02	"M:5:V"
251	"Bandora"	177.856	2410	0.3	0.31	0.02	"M:7:V"
390	"Breukelen"	166.583	2518	0.4	0.62	0.02	"M:2:V"
2451	"Swartklip"	487.555	2986	0.2	0.61	0.05	"M:1:V"
1557	"Macomb"	342.065	2582	0.2	0.25	0.04	"M:5:V"
931	"Gamlestolen"	610.047	5323	0.8	1.13	1.02	"G:5:V"
5	"Abbadiyah"	402.356	2753	0.1	NA	0.05	"M:2:V"
158	"Apriki"	211.528	5265	0.9	1.05	0.91	"G:2:V"
2614	"Ueda"	208.408	2638	0.4	0.09	0.01	"M:4:V"
3088	"Shady Palms"	818.474	2650	0.3	0.12	0.02	"M:5:V"
2954	"New Kent"	1788.524	3025	0.1	0.26	0.04	"M:1:V"
1220	"Ito"	275.684	4262	0.5	0.93	0.57	"K:3:V"
1823	"New Crete"	204.428	2500	0.4	0.28	0.06	"M:5:V"
3046	"Brundams"	1928.754	3523	0.2	0.63	0.01	"M:1:V"
112	"Ambatomainty"	722.916	3445	0.2	0.69	0.02	"M:0:V"
2774	"Woogi"	470.401	3959	0.7	0.8	0.6	"K:2:V"
2971	"Project Sagitarius Umbrella"	640.735	2566	0.3	0.3	0.06	"M:4:V"
1877	"Nirasaki"	39.444	3823	0.7	0.77	0.19	"K:3:V"
2201	"Sackville"	411.845	3114	0.4	0.6	0.04	"M:3:V"
2735	"Weekapaug"	249.877	5145	0.8	0.88	0.44	"K:0:V"
811	"Eom"	192.634	3917	0.6	0.82	0.59	"K:7:V"
3166	"Wheeler"	534.459	4103	0.7	0.93	0.44	"K:5:V"
3160	"Fairuza"	507.043	2678	0.1	0.11	0.01	"M:5:V"
2993	"Goslar"	999.013	3814	0.6	0.72	0.21	"K:5:V"
2779	"Wrociaw"	320.163	2864	0.3	0.27	NA	"M:5:V"
41	"Agliana"	485.586	2802	0.3	0.59	0.03	"M:1:V"
2687	"Vikindu"	289.802	3383	0.3	0.12	0.03	"M:1:V"
1287	"Kanata"	322.531	3899	0.6	0.78	0.24	"K:6:V"
72	"Alhena"	83.739	2416	0.1	0.52	0.01	"M:8:V"
1593	"Manotick"	395.844	3009	0.1	0.48	0.05	"M:4:V"
1522	"Lothario"	509.453	4093	0.6	0.92	0.5	"K:6:V"
1744	"Monistrol"	201.714	2660	0.2	0.16	0.04	"M:4:V"
1033	"Hahira"	559.194	2886	0.1	0.31	0.02	"M:3:V"
2246	"Satalice"	260.842	4290	0.5	NA	0.22	"K:5:V"
1471	"Leamington"	365.139	3843	0.7	0.78	0.17	"K:7:V"
2566	"Torgvei"	580.193	3214	0.4	0.55	0.05	"M:2:V"
2358	"Slewis"	522.372	2981	0.4	0.33	0.03	"M:2:V"
2726	"Watermael"	356.312	4044	0.5	NA	0.29	"K:5:V"
404	"Brookeland"	445.817	2694	0.3	0.63	0.03	"M:3:V"
2143	"Rentz"	578.851	3938	0.6	0.77	0.47	"K:2:V"
2444	"Suzano"	115.08	2745	0.4	0.62	0.01	"M:2:V"
707	"Diboll"	480.08	5381	0.8	1.06	0.86	"G:2:V"
2671	"Ventabren"	123.392	2621	0.4	NA	0.06	"M:7:V"
3134	"Fylovar"	672.878	3947	0.6	0.9	0.21	"K:7:V"
1613	"Markab"	100.317	2683	NA	0.41	0.03	"M:7:V"
399	"Brocchi's Cluster"	419.509	2657	0.2	0.31	0.07	"M:1:V"
3115	"Leviathans Rest"	1926.368	2854	0.2	0.68	0.01	"M:2:V"
2932	"Dagda"	1609.301	3381	0.2	0.19	0.07	"M:2:V"
1910	"Numki"	206.969	3260	0.2	0.46	0.04	"M:2:V"
1326	"Kenilworth"	584.375	2517	0.2	0.07	0.04	"M:1:V"
392	"Brihuega"	528.107	4187	0.5	0.89	0.16	"K:2:V"
2031	"Pinard"	426.467	2470	0.2	0.09	0.07	"M:7:V"
2820	"Zara"	260.889	3164	0.4	0.52	0.07	"M:3:V"
1749	"Montmarault"	269.672	2676	0.2	0.29	0.05	"M:4:V"
1849	"New Sapporo"	533.851	2813	0.4	0.49	0.04	"M:5:V"
829	"Euschelus"	480.108	2479	0.3	0.6	0.01	"M:7:V"
1029	"Hadnall"	296.156	2505	0.2	0.44	0.05	"M:4:V"
1952	"Oshika"	297.334	4153	0.7	0.83	0.45	"K:3:V"
2717	"Wantorill"	314.683	2906	0.2	0.43	0.05	"M:2:V"
1946	"Orestes"	169.614	2944	0.4	0.53	0.06	"M:1:V"
2214	"Salardion"	396.437	3861	0.8	0.75	0.56	"K:7:V"
1373	"Klamriz"	206.093	2792	0.3	0.31	0.07	"M:3:V"
2006	"Pella"	229.061	4169	0.8	0.91	0.38	"K:3:V"
1569	"Malacca"	516.353	2541	0.2	0.16	0.01	"M:4:V"
3123	"Star Cluster 1108"	1962.697	4399	0.6	0.85	0.27	"K:2:V"
477	"Carmacks"	299.777	3951	0.6	0.8	NA	"K:7:V"
779	"Ejeda"	747.661	3063	0.1	0.52	0.03	"M:2:V"
2046	"Pokhara"	64.585	3034	0.4	0.22	0.01	"M:4:V"
1743	"Monhegan"	217.623	2611	0.1	0.49	0.05	"M:7:V"
2342	"Simpson Desert"	289.177	3879	0.7	0.75	0.21	"K:5:V"
1134	"Hoonaar"	531.413	2470	0.1	0.52	0.07	"M:1:V"
841	"Fairfield"	292.551	3064	0.4	0.61	0.07	"M:2:V"
997	"Gravensteen"	257.231	2511	0.3	0.54	0.03	"M:4:V"
359	"Bolan"	278.021	3078	0.2	0.6	0.02	"M:2:V"
1089	"Hell's Paradise"	301.051	2407	0.3	0.3	0.04	"M:6:V"
1300	"Kasdach"	313.753	3342	0.2	0.3	0.06	"M:2:V"
2962	"Strato Domingo"	1880.689	2419	0.2	0.09	0.06	"M:8:V"
1577	"Mallory's World"	111.558	3091	0.3	0.51	0.01	"M:4:V"
2938	"Brim"	1768.735	2610	0.1	0.4	0.02	"M:2:V"
2990	"Elbing"	1167.529	4156	0.8	0.74	0.18	"K:6:V"
803	"Enders Cluster"	452.549	4018	0.6	0.83	0.49	"K:2:V"
2595	"Tsingtao"	181.059	2505	0.3	0.64	0.03	"M:8:V"
871	"Findal"	584.066	4060	0.7	0.74	0.24	"K:6:V"
2757	"Willowick"	336.63	2791	0.4	0.67	0.07	"M:3:V"
1420	"Kujari"	266.335	2455	0.2	0.15	0.04	"M:5:V"
509	"Cerulean"	420.623	2665	0.1	0.42	0.07	"M:7:V"
1945	"Ordino"	365.16	4154	0.5	0.88	0.15	"K:2:V"
2117	"Ramsau"	222.518	3062	0.3	0.25	0.02	"M:0:V"
691	"Denizli"	365.293	2780	0.2	0.41	0.03	"M:2:V"
2502	"Taygeta"	356.059	5440	1	1.02	1.06	"G:4:V"
2266	"Scituate"	236.889	5340	1	1.01	0.89	"G:4:V"
2254	"Sax"	374.603	2623	0.2	0.68	0.03	"M:1:V"
2599	"Tuat"	312.074	3852	0.6	0.73	0.47	"K:6:V"
2402	"Starshine"	375.56	2774	0.1	0.47	0.06	"M:3:V"
2359	"Slocum"	78.186	3956	0.7	0.89	0.48	"K:5:V"
1508	"Logan's Land"	481.64	2809	0.4	0.32	0.07	"M:3:V"
1956	"Otho"	192.944	3486	0.2	0.38	0.05	"M:0:V"
2769	"Wolcott"	367.956	2970	0.4	0.09	NA	"M:5:V"
1595	"Mansu-ri"	271.308	2528	0.1	0.63	0.03	"M:3:V"
3151	"Bellerophon"	468.476	3555	0.3	0.68	0.01	"M:0:V"
1441	"Lackhove"	474.296	2433	0.4	0.39	0.04	"M:5:V"
1043	"Halmyre Deans"	159.641	4748	0.7	0.81	0.31	"K:0:V"
485	"Carstairs"	159.166	3629	0.2	0.19	0.01	"M:0:V"
1417	"Krung Thep"	438.224	2584	NA	0.44	0.02	"M:7:V"
810	"Enzesfled"	401.763	3979	0.6	0.89	0.52	"K:5:V"
3022	"Ghent"	1183.486	3868	0.7	0.93	0.4	"K:5:V"
752	"Dunianshire"	504.089	5372	0.9	1.05	1.31	"G:2:V"
799	"Emerson"	206.859	3880	0.6	0.82	0.19	"K:7:V"
3171	"Holdout"	1279.745	2697	0.1	0.6	0.08	"M:1:V"
2213	"Sakuranoki"	324.442	4339	0.6	0.89	0.49	"K:4:V"
2474	"Tamar"	315.239	4498	0.5	0.9	0.15	"K:4:V"
2654	"Van Diemen"	53.046	3064	0.1	0.33	0.02	"M:1:V"
3009	"Wismar"	1269.059	2841	0.3	0.69	0.06	"M:3:V"
375	"Bougie"	549.755	2645	0.4	0.47	0.05	"M:6:V"
552	"Choudrant"	340.676	2473	0.4	0.46	0.06	"M:8:V"
2390	"St. Gall"	115.273	2407	0.2	0.18	0.03	"M:1:V"
1291	"Kanowit"	256.791	5206	1	0.97	0.64	"G:3:V"
2236	"Sappir"	427.733	2507	0.2	0.23	0.03	"M:5:V"
2158	"Risin"	533.718	2491	0.1	0.17	0.07	"M:5:V"
1641	"McComb"	229.639	4483	0.8	0.87	0.19	"K:3:V"
1899	"Nova Roma"	157.713	2581	0.4	0.35	0.03	"M:7:V"
2200	"Sabik"	58.472	2662	0.1	0.22	NA	"M:6:V"
2211	"Sakhalin"	153.58	2745	NA	NA	0.07	"M:6:V"
2438	"Sunchon"	344.672	2466	0.1	0.37	0.03	"M:8:V"
982	"Gorki"	164.209	2568	0.3	0.35	0.02	"M:3:V"
2602	"Turinge"	187.538	3718	0.6	0.84	0.32	"K:7:V"
2620	"Ullieri"	307.778	2405	0.4	0.62	0.03	"M:4:V"
2042	"Pobeda"	309.392	2911	0.2	0.11	0.02	"M:5:V"
2075	"Propus"	184.226	4846	0.5	0.84	0.49	"K:0:V"
1896	"Notwina"	352.971	3250	0.1	0.42	0.02	"M:2:V"
2894	"Dante"	462.311	2417	0.4	0.46	0.03	"M:8:V"
1182	"Illyria"	473.967	3005	0.4	0.39	0.07	"M:3:V"
1177	"Iknogoro"	253.443	2623	0.3	0.51	0.04	"M:3:V"
2740	"Weistheimer"	574.024	4181	0.7	0.75	0.31	"K:0:V"
2365	"Snailzar"	103.581	3905	0.5	0.9	0.26	"K:1:V"
2437	"Sun Prairie"	326.464	2429	0.4	0.41	0.02	"M:2:V"
407	"Bruben"	388.51	2610	0.4	0.1	0.04	"M:5:V"
2340	"Simferopol"	360.327	5201	0.9	1.04	0.73	"G:4:V"
1391	"Kolovraty"	443.485	2408	NA	0.21	0.02	"M:3:V"
1875	"Niops"	457.325	2885	0.4	0.63	0.02	"M:2:V"
1607	"Mariefred"	181.997	4597	0.7	0.86	0.29	"K:3:V"
2113	"Ramen"	155.499	2430	0.2	0.68	0.08	"M:3:V"
2024	"Piedmont"	111.134	2640	0.4	0.35	0.05	"M:1:V"
1870	"Niihau"	250.668	2453	0.4	0.11	0.03	"M:8:V"
1811	"New Aberdeen"	268.591	4286	0.6	0.85	0.49	"K:5:V"
1982	"Paradise"	271.17	4387	0.7	0.81	0.4	"K:2:V"
2729	"Waycross"	142.952	2708	0.3	NA	NA	"M:0:V"
2907	"Independence"	508.458	2653	0.4	0.47	0.06	"M:5:V"
2854	"EC821-387D"	1744.888	4045	0.7	0.77	0.16	"K:6:V"
6	"Abbeville"	607.212	2554	0.4	0.66	0.03	"M:7:V"
2164	"Rochester"	226.969	2561	0.1	0.25	0.03	"M:7:V"
